{"Error":"","Id":0,"Success":true,"Value":{"Goods":[{"B":false,"C":158,"CV":null,"G":1,"P":1,"Pl":null,"T":1},{"B":false,"C":197,"CV":null,"G":1,"P":99,"Pl":null,"T":2},{"B":false,"C":18,"CV":null,"G":1,"P":31,"Pl":null,"T":3},{"B":false,"C":2.14,"CV":null,"G":2,"P":15,"Pl":null,"T":8},{"B":false,"C":1.52,"CV":null,"G":2,"P":76,"Pl":null,"T":86},{"B":false,"C":5.5,"CV":null,"G":2,"P":100,"Pl":null,"T":126},{"B":false,"C":2.71,"CV":null,"G":5,"P":51,"Pl":null,"T":184},{"B":false,"C":3.95,"CV":null,"G":5,"P":2,"Pl":null,"T":185},{"B":false,"C":1.22,"CV":null,"G":10,"P":51,"Pl":null,"T":194},{"B":false,"C":1.18,"CV":null,"G":15,"P":55,"Pl":null,"T":12},{"B":false,"C":1.55,"CV":null,"G":15,"P":64,"Pl":null,"T":63},{"B":false,"C":1.55,"CV":null,"G":15,"P":77,"Pl":null,"T":64}]}}